condition,roc_auc,average_precision,brier,mean_probability,mean_positive_probability,mean_negative_probability,fixed_threshold,fixed_precision,fixed_recall,fixed_f1,predicted_match_rate,predicted_match_count,high_conf_precision,removed_features,removed_feature_count,average_precision_loss,roc_auc_loss,fixed_f1_loss,brier_increase,positive_probability_drop
baseline_all_features,0.9998363309273424,0.9993317161976856,0.002697564483581062,0.2021470436223898,0.9856157150025857,0.0026742902950700797,0.25999999999999995,0.9910597470562582,0.9927916120576671,0.9919249236141423,0.20328915288798263,9172,0.9910597470562582,,,0.0,0.0,0.0,0.0,0.0
missing_structured_names,0.9995873544641766,0.9984776709006901,0.05330049258943334,0.11762557333462204,0.5762623602620139,0.0008556934306344954,0.25999999999999995,0.9994662396583934,0.8180428134556575,0.8996996996996997,0.16609778802251873,7494,0.9994662396583934,"full_name_sim, first_name_sim, middle_name_sim, patronym_sim, surname_sim, family_name_max_sim, maiden_to_surname_sim, alias_overlap_sim",8.0,0.0008540452969955092,0.00024897646316579536,0.09222522391444266,0.05060292810585228,0.4093533547405718
missing_learned_text_representations,0.999468159791697,0.9975065733349909,0.026508251324678125,0.14027161624345735,0.6839357873909899,0.0018535874623326328,0.25999999999999995,0.9938895678257972,0.9770642201834863,0.9854050779313763,0.19949909127177623,9001,0.9938895678257972,"char_tfidf_cosine, embedding_cosine, record_text_sim",3.0,0.0018251428626946398,0.00036817113564535653,0.006519845682765979,0.023810686841097065,0.3016799276115958
missing_birthyear,0.9969436757293613,0.9819028612747046,0.1570509213657991,0.027287050594982785,0.1312434429515106,0.000819536874489796,0.25999999999999995,0.9929542023150478,0.2154871122761031,0.3541236650812169,0.0440400726982579,1987,0.9929542023150478,"birthyear_sim, birthyear_gap, birthyear_both_present, close_2yr, close_5yr, close_10yr",6.0,0.017428854922980963,0.0028926551979810977,0.6378012585329254,0.15435335688221805,0.8543722720510751
missing_sex,0.9998344024075313,0.9993241512211825,0.002838530844732082,0.20006644041543478,0.9780893992260317,0.0019801768352716953,0.25999999999999995,0.9925642427556042,0.9913717780690258,0.9919676520408721,0.20269072210647635,9145,0.9925642427556042,"sex_match, sex_conflict, sex_left_missing, sex_right_missing",4.0,7.56497650311605e-06,1.928519811067453e-06,-4.272842672981003e-05,0.0001409663611510203,0.007526315776554049
missing_location,0.9997957894927633,0.9991517777792737,0.002854319753706876,0.20236969154803697,0.9856666443945235,0.0029406581165695184,0.25999999999999995,0.9911639576742663,0.9923547400611621,0.9917589914315341,0.20317833237288888,9167,0.9911639576742663,"county_match, parish_match, district_match, farm_match, location_hierarchy, county_either_missing, parish_either_missing, farm_either_missing",8.0,0.00017993841841190683,4.054143457909998e-05,0.0001659321826081861,0.00015675527012581425,-5.092939193773738e-05
missing_family_relations,0.9998363309273424,0.9993317161976856,0.002697564483581062,0.2021470436223898,0.9856157150025857,0.0026742902950700797,0.25999999999999995,0.9910597470562582,0.9927916120576671,0.9919249236141423,0.20328915288798263,9172,0.9910597470562582,"father_name_sim, mother_name_sim, partner_name_sim",3.0,0.0,0.0,0.0,0.0,0.0
missing_data_quality,0.9998299652934464,0.9992999209417212,0.002725790108765029,0.2022023557680605,0.9856787361208679,0.002727639720279434,0.25999999999999995,0.9910597470562582,0.9927916120576671,0.9919249236141423,0.20328915288798263,9172,0.9910597470562582,"info_quality_min, info_quality_mean, low_information_pair",3.0,3.179525596441746e-05,6.365633895999423e-06,0.0,2.8225625183967307e-05,-6.302111828215828e-05
missing_all_identity_text,0.968887651518183,0.8463730774909414,0.2020591530522002,0.0007307911029419794,0.0021601743818398093,0.000366867147055529,0.25999999999999995,0.0,0.0,0.0,0.0,0,,"alias_overlap_sim, char_tfidf_cosine, embedding_cosine, family_name_max_sim, first_name_sim, full_name_sim, maiden_to_surname_sim, middle_name_sim, patronym_sim, record_text_sim, surname_sim",11.0,0.1529586387067442,0.030948679409159352,0.9919249236141423,0.19936158856861916,0.9834555406207459
