impact_rank,condition,roc_auc,average_precision,brier,mean_probability,mean_positive_probability,mean_negative_probability,fixed_threshold,fixed_precision,fixed_recall,fixed_f1,predicted_match_rate,predicted_match_count,high_conf_precision,feature,average_precision_loss,roc_auc_loss,fixed_f1_loss,brier_increase
1,occlude_birthyear_sim,0.9996290469365642,0.9985164677150676,0.005617561687607427,0.1929566317053919,0.9396439750028486,0.002848481012118056,0.25999999999999995,0.9851980844579887,0.9886413280908694,0.9869167030091583,0.20364377853628263,9188,0.9851980844579887,birthyear_sim,0.0008152484826179363,0.00020728399077818427,0.0050082206049839595,0.002919997204026365
2,occlude_first_name_sim,0.9996101717387285,0.998527131154469,0.005137463107998464,0.19319907714376772,0.9462105664113574,0.0014807857324432667,0.25999999999999995,0.9936074065909842,0.984600262123198,0.989083328761863,0.2010949066891263,9073,0.9936074065909842,first_name_sim,0.0008045850432165658,0.00022615918861390583,0.0028415948522793055,0.0024398986244174017
3,occlude_record_text_sim,0.9997719289952899,0.9989987501607921,0.0028101350299916898,0.20216787991800445,0.9854655641443505,0.00273866027570352,0.25999999999999995,0.9898659692710036,0.9921363040629095,0.9909998363606611,0.2033999734030764,9177,0.9898659692710036,record_text_sim,0.00033296603689347837,6.440193205248246e-05,0.0009250872534811716,0.00011257054641062789
4,occlude_embedding_cosine,0.9997879964505031,0.9991368432854466,0.00396940407733609,0.1942882459083714,0.9484861923408249,0.0022678800350732662,0.25999999999999995,0.9925569176882661,0.9903888160768894,0.9914716816094468,0.20249124517930758,9136,0.9925569176882661,embedding_cosine,0.00019487291223896364,4.83344768392735e-05,0.0004532420046955421,0.001271839593755028
5,occlude_full_name_sim,0.9997981310498882,0.9991499673255542,0.017183316309285105,0.17063646422161383,0.8371292407550281,0.000946017029023276,0.25999999999999995,0.9966616783699781,0.9456094364351245,0.9704646079695118,0.19253956292388846,8687,0.9966616783699781,full_name_sim,0.00018174887213140423,3.81998774541259e-05,0.021460315644630468,0.014485751825704043
6,occlude_family_name_max_sim,0.9998105980952808,0.9991910184635093,0.00343311524052725,0.19909328277680488,0.972502906186247,0.002181583985390283,0.25999999999999995,0.9928837311145172,0.9904980340760158,0.9916894477856752,0.20244691697327008,9134,0.9928837311145172,family_name_max_sim,0.00014069773417624276,2.573283206153132e-05,0.00023547582846705772,0.0007355507569461882
7,occlude_location_hierarchy,0.9998169394328643,0.9992511651262129,0.0028329316625431487,0.20277359302839926,0.9871684447576202,0.0030650322577872196,0.25999999999999995,0.9889009793253536,0.9925731760594146,0.9907336749155129,0.20368810674232013,9190,0.9889009793253536,location_hierarchy,8.05510714726454e-05,1.939149447804933e-05,0.0011912486986294102,0.00013536717896208686
8,occlude_char_tfidf_cosine,0.999812490170623,0.9992583015469744,0.004069988752561259,0.19602909045235642,0.957574155632504,0.0021381328640845596,0.25999999999999995,0.9929832255235171,0.9891874180865007,0.9910816873666357,0.20215878363402634,9121,0.9929832255235171,char_tfidf_cosine,7.341465071120101e-05,2.384075671935104e-05,0.0008432362475065958,0.0013724242689801972
9,occlude_county_match,0.9998185308413383,0.9992595370423706,0.00271328066969157,0.20142472151590346,0.9831972634571328,0.002383806271648565,0.25999999999999995,0.9914837864395677,0.9918086500655308,0.9916461916461916,0.20300101954873886,9159,0.9914837864395677,county_match,7.217915531498864e-05,1.7800086004049476e-05,0.0002787319679506961,1.5716186110508335e-05
10,occlude_district_match,0.9998231623259239,0.9992848580782095,0.0028057062994414394,0.20278546497838473,0.9865036568031323,0.0032491832268862117,0.25999999999999995,0.9882583170254403,0.9927916120576671,0.9905197777051324,0.20386541956647014,9198,0.9882583170254403,district_match,4.685811947602314e-05,1.316860141842291e-05,0.001405145909009864,0.00010814181586037749
11,occlude_birthyear_gap,0.9998259472907535,0.9992917079734545,0.0027175686614623242,0.20151196217710396,0.9830993944413426,0.002518176241633939,0.25999999999999995,0.9915957214581969,0.9922455220620359,0.9919205153401026,0.20306751185779512,9162,0.9915957214581969,birthyear_gap,4.000822423111394e-05,1.0383636588895406e-05,4.408274039691129e-06,2.0004177881262353e-05
12,occlude_parish_match,0.9998272592916326,0.9992986950055198,0.002794512757786256,0.20209122017138087,0.9853995232541639,0.002659296946144242,0.25999999999999995,0.9910558464223386,0.9923547400611621,0.9917048679327658,0.20320049647590763,9168,0.9910558464223386,parish_match,3.3021192165749724e-05,9.071635709734238e-06,0.00022005568137650755,9.694827420519405e-05
13,occlude_info_quality_min,0.9998303631455648,0.9993015356646023,0.002721382926673733,0.2021948127688423,0.9856737216292271,0.002719452957772757,0.25999999999999995,0.9910597470562582,0.9927916120576671,0.9919249236141423,0.20328915288798263,9172,0.9910597470562582,info_quality_min,3.0180533083234984e-05,5.967781777527215e-06,0.0,2.3818443092671164e-05
14,occlude_middle_name_sim,0.9998323281098448,0.9993128166248327,0.0027157234641160093,0.20207351660328926,0.9852529025213429,0.002674415956337002,0.25999999999999995,0.9910597470562582,0.9927916120576671,0.9919249236141423,0.20328915288798263,9172,0.9910597470562582,middle_name_sim,1.8899572852837387e-05,4.002817497572586e-06,0.0,1.8158980534947397e-05
15,occlude_sex_match,0.9998329658880499,0.9993203859427919,0.0027072755263885385,0.20224938467089812,0.9856157150025857,0.0028026875873951806,0.25999999999999995,0.9909517060939714,0.9927916120576671,0.9918708058268318,0.20331131699100138,9173,0.9909517060939714,sex_match,1.1330254893637814e-05,3.36503929243559e-06,5.411778731045924e-05,9.711042807476668e-06
16,occlude_patronym_sim,0.9998363430754987,0.999321795514584,0.002716419329801092,0.2012565843235079,0.9828344490904299,0.0022652342927549553,0.25999999999999995,0.9926791958041958,0.9922455220620359,0.992462311557789,0.2028458708276076,9152,0.9926791958041958,patronym_sim,9.920683101571903e-06,-1.2148156369740093e-08,-0.0005373879436466611,1.8854846220030252e-05
17,occlude_farm_match,0.999835349963722,0.9993223636248874,0.002692758412072044,0.20208140746981162,0.9853230372365047,0.0026664594095301562,0.25999999999999995,0.9910597470562582,0.9927916120576671,0.9919249236141423,0.20328915288798263,9172,0.9910597470562582,farm_match,9.352572798215775e-06,9.809636203339522e-07,0.0,-4.8060715090178854e-06
18,occlude_sex_conflict,0.9998359148529895,0.9993302891091451,0.0026980685113907896,0.20215758288619123,0.9856157150025857,0.0026875128773567567,0.25999999999999995,0.9910597470562582,0.9927916120576671,0.9919249236141423,0.20328915288798263,9172,0.9910597470562582,sex_conflict,1.427088540451038e-06,4.1607435286028505e-07,0.0,5.040278097277404e-07
19,occlude_surname_sim,0.999836063667904,0.9993306301012347,0.0027065321962373066,0.20212791598915011,0.9855214598085591,0.0026742902950700797,0.25999999999999995,0.9910597470562582,0.9927916120576671,0.9919249236141423,0.20328915288798263,9172,0.9910597470562582,surname_sim,1.0860964508863091e-06,2.672594383579252e-07,0.0,8.967712656244697e-06
20,occlude_info_quality_mean,0.9998361821124279,0.9993311119255142,0.0027018391976030127,0.20215474522389504,0.9856214258027084,0.002682498758748096,0.25999999999999995,0.9910597470562582,0.9927916120576671,0.9919249236141423,0.20328915288798263,9172,0.9910597470562582,info_quality_mean,6.042721714116794e-07,1.4881491450235984e-07,0.0,4.274714021950798e-06
21,occlude_county_either_missing,0.9998362732236,0.9993313169461192,0.0026881820354043295,0.20213845963208119,0.9856101540346489,0.0026649366369777775,0.25999999999999995,0.9910597470562582,0.9927916120576671,0.9919249236141423,0.20328915288798263,9172,0.9910597470562582,county_either_missing,3.9925156636311243e-07,5.770374233993181e-08,0.0,-9.382448176732325e-06
22,occlude_maiden_to_surname_sim,0.9998363309273424,0.9993317161976856,0.002697564483581062,0.2021470436223898,0.9856157150025857,0.0026742902950700797,0.25999999999999995,0.9910597470562582,0.9927916120576671,0.9919249236141423,0.20328915288798263,9172,0.9910597470562582,maiden_to_surname_sim,0.0,0.0,0.0,0.0
23,occlude_alias_overlap_sim,0.9998363309273424,0.9993317161976856,0.002697564483581062,0.2021470436223898,0.9856157150025857,0.0026742902950700797,0.25999999999999995,0.9910597470562582,0.9927916120576671,0.9919249236141423,0.20328915288798263,9172,0.9910597470562582,alias_overlap_sim,0.0,0.0,0.0,0.0
24,occlude_birthyear_both_present,0.9998363309273424,0.9993317161976856,0.002697564483581062,0.2021470436223898,0.9856157150025857,0.0026742902950700797,0.25999999999999995,0.9910597470562582,0.9927916120576671,0.9919249236141423,0.20328915288798263,9172,0.9910597470562582,birthyear_both_present,0.0,0.0,0.0,0.0
25,occlude_close_5yr,0.9998363309273424,0.9993317161976856,0.002697564483581062,0.2021470436223898,0.9856157150025857,0.0026742902950700797,0.25999999999999995,0.9910597470562582,0.9927916120576671,0.9919249236141423,0.20328915288798263,9172,0.9910597470562582,close_5yr,0.0,0.0,0.0,0.0
26,occlude_sex_left_missing,0.9998363309273424,0.9993317161976856,0.002697564483581062,0.2021470436223898,0.9856157150025857,0.0026742902950700797,0.25999999999999995,0.9910597470562582,0.9927916120576671,0.9919249236141423,0.20328915288798263,9172,0.9910597470562582,sex_left_missing,0.0,0.0,0.0,0.0
27,occlude_sex_right_missing,0.9998363309273424,0.9993317161976856,0.002697564483581062,0.2021470436223898,0.9856157150025857,0.0026742902950700797,0.25999999999999995,0.9910597470562582,0.9927916120576671,0.9919249236141423,0.20328915288798263,9172,0.9910597470562582,sex_right_missing,0.0,0.0,0.0,0.0
28,occlude_parish_either_missing,0.9998363309273424,0.9993317161976856,0.002697564483581062,0.2021470436223898,0.9856157150025857,0.0026742902950700797,0.25999999999999995,0.9910597470562582,0.9927916120576671,0.9919249236141423,0.20328915288798263,9172,0.9910597470562582,parish_either_missing,0.0,0.0,0.0,0.0
29,occlude_farm_either_missing,0.9998363309273424,0.9993317161976856,0.002697564483581062,0.2021470436223898,0.9856157150025857,0.0026742902950700797,0.25999999999999995,0.9910597470562582,0.9927916120576671,0.9919249236141423,0.20328915288798263,9172,0.9910597470562582,farm_either_missing,0.0,0.0,0.0,0.0
30,occlude_father_name_sim,0.9998363309273424,0.9993317161976856,0.002697564483581062,0.2021470436223898,0.9856157150025857,0.0026742902950700797,0.25999999999999995,0.9910597470562582,0.9927916120576671,0.9919249236141423,0.20328915288798263,9172,0.9910597470562582,father_name_sim,0.0,0.0,0.0,0.0
31,occlude_mother_name_sim,0.9998363309273424,0.9993317161976856,0.002697564483581062,0.2021470436223898,0.9856157150025857,0.0026742902950700797,0.25999999999999995,0.9910597470562582,0.9927916120576671,0.9919249236141423,0.20328915288798263,9172,0.9910597470562582,mother_name_sim,0.0,0.0,0.0,0.0
32,occlude_partner_name_sim,0.9998363309273424,0.9993317161976856,0.002697564483581062,0.2021470436223898,0.9856157150025857,0.0026742902950700797,0.25999999999999995,0.9910597470562582,0.9927916120576671,0.9919249236141423,0.20328915288798263,9172,0.9910597470562582,partner_name_sim,0.0,0.0,0.0,0.0
33,occlude_low_information_pair,0.9998363309273424,0.9993317161976856,0.002697564483581062,0.2021470436223898,0.9856157150025857,0.0026742902950700797,0.25999999999999995,0.9910597470562582,0.9927916120576671,0.9919249236141423,0.20328915288798263,9172,0.9910597470562582,low_information_pair,0.0,0.0,0.0,0.0
34,occlude_close_10yr,0.9998363855940458,0.9993319022583318,0.002697539481033485,0.2021468064243612,0.9856157150025857,0.002673992705929958,0.25999999999999995,0.9910597470562582,0.9927916120576671,0.9919249236141423,0.20328915288798263,9172,0.9910597470562582,close_10yr,-1.8606064622339602e-07,-5.466670338627466e-08,0.0,-2.5002547577018114e-08
35,occlude_close_2yr,0.9998362337420921,0.9993319789507651,0.0026988522312472465,0.20206073629754445,0.9853196102260724,0.00264139783779243,0.25999999999999995,0.9910597470562582,0.9927916120576671,0.9919249236141423,0.20328915288798263,9172,0.9910597470562582,close_2yr,-2.627530795162869e-07,9.718525029178693e-08,0.0,1.2877476661845959e-06
